Ticker,Name,SPY,QQQ,XLK,XLF,XLC,XLY,XLP,XLE,XLV,XLI,XLB,XLRE,XLU,IGV,ITA,SOXX,SMH,ARKK
NVDA,NVIDIA CORP,7.6841,8.65,14.6791,-,-,-,-,-,-,-,-,-,-,-,-,7.16,18.81,1.5
TSLA,TESLA INC,2.031,3.6,-,-,-,19.3466,-,-,-,-,-,-,-,-,-,-,-,10.21
AMZN,AMAZON.COM INC,3.9926,4.94,-,-,-,23.6631,-,-,-,-,-,-,-,-,-,-,-,1.79
GOOGL,ALPHABET INC CL A,5.878,7.1,-,-,20.6804,-,-,-,-,-,-,-,-,-,-,-,-,0.49
MSFT,MICROSOFT CORP,5.9913,6.74,11.4453,-,-,-,-,-,-,-,-,-,-,9.64,-,-,-,-
META,META PLATFORMS INC CLASS A,2.4584,3.73,-,-,20.3488,-,-,-,-,-,-,-,-,-,-,-,-,1.05
AAPL,APPLE INC,6.4013,7.21,12.2286,-,-,-,-,-,-,-,-,-,-,-,-,-,-,-
GE,GENERAL ELECTRIC,0.5263,-,-,-,-,-,-,-,-,6.1816,-,-,-,-,18.8,-,-,-
XOM,EXXON MOBIL CORP,0.9679,-,-,-,-,-,-,24.2727,-,-,-,-,-,-,-,-,-,-
AVGO,BROADCOM INC,2.6361,2.97,5.0358,-,-,-,-,-,-,-,-,-,-,-,-,5.55,7.17,0.84
AMD,Advanced Micro Devices Inc,0.6883,2.14,3.4315,-,-,-,-,-,-,-,-,-,-,-,-,7.79,5.22,3.97
MU,MICRON TECHNOLOGY INC,0.7724,2.41,3.851,-,-,-,-,-,-,-,-,-,-,-,-,8.59,6.42,-
RTX,RTX CORP,0.4523,-,-,-,-,-,-,-,-,5.3168,-,-,-,-,16.17,-,-,-
CVX,CHEVRON CORP,0.5367,-,-,-,-,-,-,17.5827,-,-,-,-,-,-,-,-,-,-
PLTR,PALANTIR TECHNOLOGIES INC CLASS A,0.6349,1.97,3.1655,-,-,-,-,-,-,-,-,-,-,8.47,-,-,-,3.43
LLY,ELI LILLY + CO,1.3847,-,-,-,-,-,-,-,14.6545,-,-,-,-,-,-,-,-,-
AMAT,APPLIED MATERIALS INC,0.4446,1.38,2.2166,-,-,-,-,-,-,-,-,-,-,-,-,6.53,4.99,-
LRCX,LAM RESEARCH CORP,0.5024,1.56,2.5048,-,-,-,-,-,-,-,-,-,-,-,-,5.14,5.85,-
TSM,Taiwan Semiconductor Manufacturing Co L,-,-,-,-,-,-,-,-,-,-,-,-,-,-,-,3.67,10.3,1.45
WMT,WALMART INC,0.8601,2.98,-,-,-,-,11.2333,-,-,-,-,-,-,-,-,-,-,-
LIN,LINDE PLC,0.3548,1.1,-,-,-,-,-,-,-,-,13.3187,-,-,-,-,-,-,-
NEE,NEXTERA ENERGY INC,0.3044,-,-,-,-,-,-,-,-,-,-,-,13.5424,-,-,-,-,-
KLAC,KLA CORP,0.3562,1.11,1.776,-,-,-,-,-,-,-,-,-,-,-,-,4.62,5.38,-
BRK.B,BERKSHIRE HATHAWAY INC CL B,1.46,-,-,11.4912,-,-,-,-,-,-,-,-,-,-,-,-,-,-
BA,BOEING CO/THE,0.3212,-,-,-,-,-,-,-,-,3.773,-,-,-,-,8.36,-,-,-
COST,COSTCO WHOLESALE CORP,0.7213,2.24,-,-,-,-,9.42,-,-,-,-,-,-,-,-,-,-,-
JPM,JPMORGAN CHASE + CO,1.3713,-,-,10.793,-,-,-,-,-,-,-,-,-,-,-,-,-,-
INTC,INTEL CORPORATION CORP,0.3304,1.09,1.6473,-,-,-,-,-,-,-,-,-,-,-,-,3.63,4.44,-
TXN,TEXAS INSTRUMENTS INC,0.2997,0.93,1.4942,-,-,-,-,-,-,-,-,-,-,-,-,3.93,4.47,-
ASML,ASML HOLDING ADR REPRESENTING NV,-,0.67,-,-,-,-,-,-,-,-,-,-,-,-,-,4.34,5.96,-
JNJ,JOHNSON + JOHNSON,0.9067,-,-,-,-,-,-,-,9.5994,-,-,-,-,-,-,-,-,-
ORCL,ORACLE CORP,0.4934,-,2.4602,-,-,-,-,-,-,-,-,-,-,7.53,-,-,-,-
ADI,ANALOG DEVICES INC,0.2507,0.78,1.25,-,-,-,-,-,-,-,-,-,-,-,-,3.85,4.23,-
WELL,WELLTOWER INC,0.2112,-,-,-,-,-,-,-,-,-,-,9.6987,-,-,-,-,-,-
CRM,SALESFORCE INC,0.3649,-,1.8195,-,-,-,-,-,-,-,-,-,-,7.54,-,-,-,-
PLD,PROLOGIS INC,0.2005,-,-,-,-,-,-,-,-,-,-,9.2066,-,-,-,-,-,-
QCOM,QUALCOMM INC,0.2749,0.85,1.3707,-,-,-,-,-,-,-,-,-,-,-,-,3.06,3.47,-
NEM,NEWMONT CORP,0.2325,-,-,-,-,-,-,-,-,-,8.7256,-,-,-,-,-,-,-
PG,PROCTER + GAMBLE CO/THE,0.5814,-,-,-,-,-,7.5933,-,-,-,-,-,-,-,-,-,-,-
V,VISA INC CLASS A SHARES,0.9207,-,-,7.2469,-,-,-,-,-,-,-,-,-,-,-,-,-,-
TER,TERADYNE INC,0.0628,-,0.3129,-,-,-,-,-,-,-,-,-,-,-,-,3.21,1.01,3.37
ABBV,ABBVIE INC,0.6635,-,-,-,-,-,-,-,7.0259,-,-,-,-,-,-,-,-,-
INTU,INTUIT INC,0.2551,0.79,1.2717,-,-,-,-,-,-,-,-,-,-,5.27,-,-,-,-
NFLX,NETFLIX INC,0.6083,1.89,-,-,5.0347,-,-,-,-,-,-,-,-,-,-,-,-,-
LMT,LOCKHEED MARTIN CORP,0.2032,-,-,-,-,-,-,-,-,2.3871,-,-,-,-,4.93,-,-,-
SNPS,SYNOPSYS INC,0.1566,0.49,0.7809,-,-,-,-,-,-,-,-,-,-,3.3,-,-,2.79,-
SO,SOUTHERN CO/THE,0.164,-,-,-,-,-,-,-,-,-,-,-,7.2989,-,-,-,-,-
APP,APPLOVIN CORP CLASS A,0.247,0.87,1.2305,-,-,-,-,-,-,-,-,-,-,5.1,-,-,-,-
CEG,Constellation Energy Corp,0.1514,0.47,-,-,-,-,-,-,-,-,-,-,6.7285,-,-,-,-,-
DUK,DUKE ENERGY CORP,0.157,-,-,-,-,-,-,-,-,-,-,-,6.9798,-,-,-,-,-
COP,CONOCOPHILLIPS,0.207,-,-,-,-,-,-,6.7817,-,-,-,-,-,-,-,-,-,-
CDNS,Cadence Design Systems Inc,0.1456,0.45,0.7247,-,-,-,-,-,-,-,-,-,-,3.06,-,-,2.4,-
KO,COCA COLA CO/THE,0.4776,-,-,-,-,-,6.2377,-,-,-,-,-,-,-,-,-,-,-
NOC,NORTHROP GRUMMAN CORP,0.1527,-,-,-,-,-,-,-,-,1.7943,-,-,-,-,4.74,-,-,-
HD,HOME DEPOT INC,0.6347,-,-,-,-,6.0495,-,-,-,-,-,-,-,-,-,-,-,-
AMT,AMERICAN TOWER CORP,0.1415,-,-,-,-,-,-,-,-,-,-,6.4923,-,-,-,-,-,-
PM,PHILIP MORRIS INTERNATIONAL,0.4671,-,-,-,-,-,6.0999,-,-,-,-,-,-,-,-,-,-,-
EA,ELECTRONIC ARTS INC,0.0772,0.27,-,-,4.5106,-,-,-,-,-,-,-,-,1.62,-,-,-,-
CAT,CATERPILLAR INC,0.5015,-,-,-,-,-,-,-,-,5.8906,-,-,-,-,-,-,-,-
PANW,PALO ALTO NETWORKS INC,0.2105,0.67,1.0497,-,-,-,-,-,-,-,-,-,-,4.43,-,-,-,-
MA,MASTERCARD INC   A,0.7158,-,-,5.6333,-,-,-,-,-,-,-,-,-,-,-,-,-,-
LHX,L3HARRIS TECHNOLOGIES INC,0.1129,-,-,-,-,-,-,-,-,1.3291,-,-,-,-,4.89,-,-,-
TTWO,Take-Two Interactive Software Inc,0.0714,0.24,-,-,4.4825,-,-,-,-,-,-,-,-,1.51,-,-,-,-
ADBE,ADOBE INC,0.2088,0.65,1.0412,-,-,-,-,-,-,-,-,-,-,4.4,-,-,-,-
EQIX,EQUINIX INC,0.1329,-,-,-,-,-,-,-,-,-,-,6.1217,-,-,-,-,-,-
NXPI,NXP SEMICONDUCTORS NV,0.097,0.3,0.4829,-,-,-,-,-,-,-,-,-,-,-,-,3.96,1.38,-
HWM,HOWMET AEROSPACE INC,0.1454,-,-,-,-,-,-,-,-,1.7076,-,-,-,-,4.34,-,-,-
GD,GENERAL DYNAMICS CORP,0.1559,-,-,-,-,-,-,-,-,1.8316,-,-,-,-,4.15,-,-,-
CRWD,CROWDSTRIKE HOLDINGS INC CLASS A,0.2006,0.62,1.0004,-,-,-,-,-,-,-,-,-,-,4.22,-,-,-,-
TDG,TRANSDIGM GROUP INC,0.1347,-,-,-,-,-,-,-,-,1.5838,-,-,-,-,4.25,-,-,-
MPWR,MONOLITHIC POWER SYSTEMS INC,0.0878,0.27,0.4389,-,-,-,-,-,-,-,-,-,-,-,-,3.97,1.16,-
PEP,PEPSICO INC,0.3412,1.06,-,-,-,-,4.4564,-,-,-,-,-,-,-,-,-,-,-
FCX,FREEPORT MCMORAN INC,0.1514,-,-,-,-,-,-,-,-,-,5.6838,-,-,-,-,-,-,-
TMUS,T MOBILE US INC,0.1488,1.08,-,-,4.2426,-,-,-,-,-,-,-,-,-,-,-,-,-
CRSP,CRISPR THERAPEUTICS AG,-,-,-,-,-,-,-,-,-,-,-,-,-,-,-,-,-,5.42
COIN,COINBASE GLOBAL INC  CLASS A,0.0807,-,-,0.6351,-,-,-,-,-,-,-,-,-,-,-,-,-,4.69
CMCSA,COMCAST CORP CLASS A,0.175,0.55,-,-,4.674,-,-,-,-,-,-,-,-,-,-,-,-,-
CRH,CRH PLC,0.1391,-,-,-,-,-,-,-,-,-,5.2192,-,-,-,-,-,-,-
AXON,AXON ENTERPRISE INC,0.0804,0.25,-,-,-,-,-,-,-,0.9487,-,-,-,-,4.04,-,-,-
NOW,SERVICENOW INC,0.2293,-,1.1435,-,-,-,-,-,-,-,-,-,-,3.92,-,-,-,-
MRVL,Marvell Technology Inc,-,0.37,-,-,-,-,-,-,-,-,-,-,-,-,-,3.12,1.78,-
BAC,BANK OF AMERICA CORP,0.5879,-,-,4.6273,-,-,-,-,-,-,-,-,-,-,-,-,-,-
AEP,American Electric Power Co Inc,0.107,0.33,-,-,-,-,-,-,-,-,-,-,4.7698,-,-,-,-,-
MRK,MERCK + CO. INC.,0.4493,-,-,-,-,-,-,-,4.7551,-,-,-,-,-,-,-,-,-
ROKU,ROKU INC,-,-,-,-,-,-,-,-,-,-,-,-,-,-,-,-,-,5.2
HOOD,ROBINHOOD MARKETS INC   A,0.1388,-,-,1.0925,-,-,-,-,-,-,-,-,-,-,-,-,-,3.96
SHW,SHERWIN WILLIAMS CO/THE,0.1338,-,-,-,-,-,-,-,-,-,5.0231,-,-,-,-,-,-,-
MDLZ,MONDELEZ INTERNATIONAL INC A,0.1277,0.4,-,-,-,-,4.6068,-,-,-,-,-,-,-,-,-,-,-
TEM,TEMPUS AI INC,-,-,-,-,-,-,-,-,-,-,-,-,-,-,-,-,-,5.07
SHOP,SHOPIFY INC - CLASS A,-,0.88,-,-,-,-,-,-,-,-,-,-,-,-,-,-,-,4.17
MCHP,MICROCHIP TECHNOLOGY INC,0.0682,0.21,0.3397,-,-,-,-,-,-,-,-,-,-,-,-,3.42,1.01,-
SLB,SLB LTD,0.1268,-,-,-,-,-,-,4.8582,-,-,-,-,-,-,-,-,-,-
UNH,UNITEDHEALTH GROUP INC,0.4294,-,-,-,-,-,-,-,4.546,-,-,-,-,-,-,-,-,-
DIS,WALT DISNEY CO/THE,0.3312,-,-,-,4.5651,-,-,-,-,-,-,-,-,-,-,-,-,-
BKNG,BOOKING HOLDINGS INC,0.2786,0.87,-,-,-,3.7112,-,-,-,-,-,-,-,-,-,-,-,-
CBRE,CBRE GROUP INC   A,0.0833,-,-,-,-,-,-,-,-,-,-,4.7555,-,-,-,-,-,-
O,REALTY INCOME CORP,0.094,-,-,-,-,-,-,-,-,-,-,4.7277,-,-,-,-,-,-
MCD,MCDONALD S CORP,0.3752,-,-,-,-,4.4365,-,-,-,-,-,-,-,-,-,-,-,-
WBD,WARNER BROS DISCOVERY INC,0.1166,0.36,-,-,4.2695,-,-,-,-,-,-,-,-,-,-,-,-,-
SPG,SIMON PROPERTY GROUP INC,0.1011,-,-,-,-,-,-,-,-,-,-,4.6402,-,-,-,-,-,-
MO,ALTRIA GROUP INC,0.1794,-,-,-,-,-,4.5598,-,-,-,-,-,-,-,-,-,-,-
CSCO,CISCO SYSTEMS INC,0.5201,1.62,2.593,-,-,-,-,-,-,-,-,-,-,-,-,-,-,-
VZ,VERIZON COMMUNICATIONS INC,0.2783,-,-,-,4.4241,-,-,-,-,-,-,-,-,-,-,-,-,-
ECL,ECOLAB INC,0.1217,-,-,-,-,-,-,-,-,-,4.5596,-,-,-,-,-,-,-
AMGN,AMGEN INC,0.3175,0.99,-,-,-,-,-,-,3.3584,-,-,-,-,-,-,-,-,-
PSA,PUBLIC STORAGE,0.0735,-,-,-,-,-,-,-,-,-,-,4.5636,-,-,-,-,-,-
WMB,WILLIAMS COS INC,0.1342,-,-,-,-,-,-,4.4904,-,-,-,-,-,-,-,-,-,-
DLR,DIGITAL REALTY TRUST INC,0.0884,-,-,-,-,-,-,-,-,-,-,4.4985,-,-,-,-,-,-
ISRG,INTUITIVE SURGICAL INC,0.3122,0.97,-,-,-,-,-,-,3.3041,-,-,-,-,-,-,-,-,-
CL,COLGATE PALMOLIVE CO,0.116,-,-,-,-,-,4.4547,-,-,-,-,-,-,-,-,-,-,-
TMO,THERMO FISHER SCIENTIFIC INC,0.3932,-,-,-,-,-,-,-,4.1613,-,-,-,-,-,-,-,-,-
CTVA,CORTEVA INC,0.0827,-,-,-,-,-,-,-,-,-,4.4512,-,-,-,-,-,-,-
T,AT+T INC,0.2735,-,-,-,4.2356,-,-,-,-,-,-,-,-,-,-,-,-,-
APD,AIR PRODUCTS + CHEMICALS INC,0.0968,-,-,-,-,-,-,-,-,-,4.3454,-,-,-,-,-,-,-
SRE,SEMPRA,0.0952,-,-,-,-,-,-,-,-,-,-,-,4.2422,-,-,-,-,-
GILD,GILEAD SCIENCES INC,0.2936,0.91,-,-,-,-,-,-,3.1048,-,-,-,-,-,-,-,-,-
NUE,NUCOR CORP,0.0668,-,-,-,-,-,-,-,-,-,4.1929,-,-,-,-,-,-,-
MNST,MONSTER BEVERAGE CORP,0.0973,0.41,-,-,-,-,3.7417,-,-,-,-,-,-,-,-,-,-,-
MLM,MARTIN MARIETTA MATERIALS,0.0656,-,-,-,-,-,-,-,-,-,4.1336,-,-,-,-,-,-,-
GS,GOLDMAN SACHS GROUP INC,0.4677,-,-,3.6813,-,-,-,-,-,-,-,-,-,-,-,-,-,-
WFC,WELLS FARGO + CO,0.4671,-,-,3.6764,-,-,-,-,-,-,-,-,-,-,-,-,-,-
DE,DEERE + CO,0.2189,-,-,-,-,-,-,-,-,2.5718,-,-,-,-,-,-,-,1.34
CCI,CROWN CASTLE INC,0.0632,-,-,-,-,-,-,-,-,-,-,4.0557,-,-,-,-,-,-
VMC,VULCAN MATERIALS CO,0.066,-,-,-,-,-,-,-,-,-,3.995,-,-,-,-,-,-,-
GEV,GE VERNOVA INC,0.3152,-,-,-,-,-,-,-,-,3.7029,-,-,-,-,-,-,-,-
VST,VISTRA CORP,0.0878,-,-,-,-,-,-,-,-,-,-,-,3.9035,-,-,-,-,-
D,DOMINION ENERGY INC,0.0878,-,-,-,-,-,-,-,-,-,-,-,3.8949,-,-,-,-,-
BKR,BAKER HUGHES CO,0.0934,0.29,-,-,-,-,-,3.5789,-,-,-,-,-,-,-,-,-,-
TJX,TJX COMPANIES INC,0.2763,-,-,-,-,3.6801,-,-,-,-,-,-,-,-,-,-,-,-
VTR,VENTAS INC,0.0598,-,-,-,-,-,-,-,-,-,-,3.83,-,-,-,-,-,-
EOG,EOG RESOURCES INC,0.0988,-,-,-,-,-,-,3.7822,-,-,-,-,-,-,-,-,-,-
KMI,KINDER MORGAN INC,0.0971,-,-,-,-,-,-,3.7187,-,-,-,-,-,-,-,-,-,-
HON,HONEYWELL INTERNATIONAL INC,0.2354,0.73,-,-,-,-,-,-,-,2.7634,-,-,-,-,-,-,-,-
PSX,PHILLIPS 66,0.0949,-,-,-,-,-,-,3.6213,-,-,-,-,-,-,-,-,-,-
EXC,EXELON CORP,0.0759,0.24,-,-,-,-,-,-,-,-,-,-,3.3794,-,-,-,-,-
LOW,LOWE S COS INC,0.2577,-,-,-,-,3.4323,-,-,-,-,-,-,-,-,-,-,-,-
XEL,XCEL ENERGY INC,0.0757,0.24,-,-,-,-,-,-,-,-,-,-,3.369,-,-,-,-,-
VLO,VALERO ENERGY CORP,0.0936,-,-,-,-,-,-,3.5813,-,-,-,-,-,-,-,-,-,-
ABT,ABBOTT LABORATORIES,0.3158,-,-,-,-,-,-,-,3.3422,-,-,-,-,-,-,-,-,-
BEAM,BEAM THERAPEUTICS INC,-,-,-,-,-,-,-,-,-,-,-,-,-,-,-,-,-,3.63
UBER,UBER TECHNOLOGIES INC,0.2831,-,-,-,-,-,-,-,-,3.3258,-,-,-,-,-,-,-,-
RKLB,ROCKET LAB CORP,-,-,-,-,-,-,-,-,-,-,-,-,-,-,3.43,-,-,-
MPC,MARATHON PETROLEUM CORP,0.0866,-,-,-,-,-,-,3.3149,-,-,-,-,-,-,-,-,-,-
VICI,VICI PROPERTIES INC,0.0508,-,-,-,-,-,-,-,-,-,-,3.2702,-,-,-,-,-,-
ETR,ENTERGY CORP,0.0723,-,-,-,-,-,-,-,-,-,-,-,3.2183,-,-,-,-,-
MS,MORGAN STANLEY,0.3701,-,-,2.9128,-,-,-,-,-,-,-,-,-,-,-,-,-,-
OMC,OMNICOM GROUP,0.0416,-,-,-,3.2319,-,-,-,-,-,-,-,-,-,-,-,-,-
PPG,PPG INDUSTRIES INC,0.0417,-,-,-,-,-,-,-,-,-,3.1948,-,-,-,-,-,-,-
EXR,EXTRA SPACE STORAGE INC,0.0498,-,-,-,-,-,-,-,-,-,-,3.1852,-,-,-,-,-,-
OKE,ONEOK INC,0.0822,-,-,-,-,-,-,3.14,-,-,-,-,-,-,-,-,-,-
CSGP,COSTAR GROUP INC,0.0471,0.15,-,-,-,-,-,-,-,-,-,3.013,-,-,-,-,-,-
SBUX,STARBUCKS CORP,0.1826,0.57,-,-,-,2.4312,-,-,-,-,-,-,-,-,-,-,-,-
STLD,STEEL DYNAMICS INC,0.0404,-,-,-,-,-,-,-,-,-,3.1129,-,-,-,-,-,-,-
TGT,TARGET CORP,0.0793,-,-,-,-,-,3.0482,-,-,-,-,-,-,-,-,-,-,-
RBLX,ROBLOX CORP -CLASS A,-,-,-,-,-,-,-,-,-,-,-,-,-,-,-,-,-,3.09
PEG,PUBLIC SERVICE ENTERPRISE GP,0.0672,-,-,-,-,-,-,-,-,-,-,-,2.9952,-,-,-,-,-
C,CITIGROUP INC,0.3445,-,-,2.7117,-,-,-,-,-,-,-,-,-,-,-,-,-,-
LYV,LIVE NATION ENTERTAINMENT IN,0.039,-,-,-,3.0099,-,-,-,-,-,-,-,-,-,-,-,-,-
KTOS,KRATOS DEFENSE AND SECURITY SOLUTI,-,-,-,-,-,-,-,-,-,-,-,-,-,-,1.67,-,-,1.37
ALB,ALBEMARLE CORP,0.0387,-,-,-,-,-,-,-,-,-,2.9504,-,-,-,-,-,-,-
ON,ON SEMICONDUCTOR CORP,0.0423,-,0.2108,-,-,-,-,-,-,-,-,-,-,-,-,2.16,0.56,-
VRTX,VERTEX PHARMACEUTICALS INC,0.2018,0.63,-,-,-,-,-,-,2.1357,-,-,-,-,-,-,-,-,-
IRM,IRON MOUNTAIN INC,0.0453,-,-,-,-,-,-,-,-,-,-,2.9106,-,-,-,-,-,-
UNP,UNION PACIFIC CORP,0.2315,-,-,-,-,-,-,-,-,2.7178,-,-,-,-,-,-,-,-
SW,SMURFIT WESTROCK PLC,0.0376,-,-,-,-,-,-,-,-,-,2.8961,-,-,-,-,-,-,-
PFE,PFIZER INC,0.2529,-,-,-,-,-,-,-,2.6748,-,-,-,-,-,-,-,-,-
IP,INTERNATIONAL PAPER CO,0.0372,-,-,-,-,-,-,-,-,-,2.8768,-,-,-,-,-,-,-
ED,CONSOLIDATED EDISON INC,0.0637,-,-,-,-,-,-,-,-,-,-,-,2.8371,-,-,-,-,-
ADSK,AUTODESK INC,0.0958,0.3,0.4776,-,-,-,-,-,-,-,-,-,-,2.02,-,-,-,-
DHR,DANAHER CORP,0.2486,-,-,-,-,-,-,-,2.631,-,-,-,-,-,-,-,-,-
AXP,AMERICAN EXPRESS CO,0.324,-,-,2.5496,-,-,-,-,-,-,-,-,-,-,-,-,-,-
ETN,EATON CORP PLC,0.2223,-,-,-,-,-,-,-,-,2.611,-,-,-,-,-,-,-,-
BWXT,BWX TECHNOLOGIES INC,-,-,-,-,-,-,-,-,-,-,-,-,-,-,1.63,-,-,1.2
TRGP,TARGA RESOURCES CORP,0.0704,-,-,-,-,-,-,2.6876,-,-,-,-,-,-,-,-,-,-
IBM,INTL BUSINESS MACHINES CORP,0.4607,-,2.2972,-,-,-,-,-,-,-,-,-,-,-,-,-,-,-
TTD,TRADE DESK INC/THE  CLASS A,0.0238,-,-,-,1.8404,-,-,-,-,-,-,-,-,-,-,-,-,0.89
ADP,Automatic Data Processing Inc,0.1727,0.54,-,-,-,-,-,-,-,2.0282,-,-,-,-,-,-,-,-
WEC,WEC ENERGY GROUP INC,0.0602,-,-,-,-,-,-,-,-,-,-,-,2.6784,-,-,-,-,-
AVB,AVALONBAY COMMUNITIES INC,0.0418,-,-,-,-,-,-,-,-,-,-,2.6726,-,-,-,-,-,-
AMCR,AMCOR PLC,0.0346,-,-,-,-,-,-,-,-,-,2.6654,-,-,-,-,-,-,-
BSX,BOSTON SCIENTIFIC CORP,0.2328,-,-,-,-,-,-,-,2.4635,-,-,-,-,-,-,-,-,-
BMNR,BITMINE IMMERSION TECHNOLOGIES INC,-,-,-,-,-,-,-,-,-,-,-,-,-,0.29,-,-,-,2.4
KDP,KEURIG DR PEPPER INC,0.0627,0.2,-,-,-,-,2.4155,-,-,-,-,-,-,-,-,-,-,-
FTNT,FORTINET INC,0.0866,0.32,0.4319,-,-,-,-,-,-,-,-,-,-,1.82,-,-,-,-
SYY,SYSCO CORP,0.0672,-,-,-,-,-,2.5896,-,-,-,-,-,-,-,-,-,-,-
ABNB,AIRBNB INC CLASS A,0.0943,0.29,-,-,-,1.2563,-,-,-,-,-,-,-,-,-,-,-,1.01
CRCL,CIRCLE INTERNET GROUP INC CLASS A,-,-,-,-,-,-,-,-,-,-,-,-,-,0.13,-,-,-,2.52
PKG,PACKAGING CORP OF AMERICA,0.0337,-,-,-,-,-,-,-,-,-,2.5802,-,-,-,-,-,-,-
ACHR,ARCHER AVIATION INC CLASS A,-,-,-,-,-,-,-,-,-,-,-,-,-,-,0.42,-,-,2.18
DOW,DOW INC,0.0333,-,-,-,-,-,-,-,-,-,2.5518,-,-,-,-,-,-,-
SCHW,SCHWAB (CHARLES) CORP,0.2906,-,-,2.2872,-,-,-,-,-,-,-,-,-,-,-,-,-,-
PCG,P G + E CORP,0.0559,-,-,-,-,-,-,-,-,-,-,-,2.4878,-,-,-,-,-
TWST,TWIST BIOSCIENCE CORP,-,-,-,-,-,-,-,-,-,-,-,-,-,-,-,-,-,2.52
MDT,MEDTRONIC PLC,0.2165,-,-,-,-,-,-,-,2.2927,-,-,-,-,-,-,-,-,-
KR,KROGER CO,0.0634,-,-,-,-,-,2.4401,-,-,-,-,-,-,-,-,-,-,-
PH,PARKER HANNIFIN CORP,0.196,-,-,-,-,-,-,-,-,2.3024,-,-,-,-,-,-,-,-
ORLY,O REILLY AUTOMOTIVE INC,0.1425,0.44,-,-,-,1.8975,-,-,-,-,-,-,-,-,-,-,-,-
IFF,INTL FLAVORS + FRAGRANCES,0.0316,-,-,-,-,-,-,-,-,-,2.4205,-,-,-,-,-,-,-
DD,DUPONT DE NEMOURS INC,0.0315,-,-,-,-,-,-,-,-,-,2.4129,-,-,-,-,-,-,-
SPGI,S+P GLOBAL INC,0.2739,-,-,2.156,-,-,-,-,-,-,-,-,-,-,-,-,-,-
BLK,BLACKROCK INC,0.2675,-,-,2.1095,-,-,-,-,-,-,-,-,-,-,-,-,-,-
SYK,STRYKER CORP,0.2048,-,-,-,-,-,-,-,2.1664,-,-,-,-,-,-,-,-,-
EQR,EQUITY RESIDENTIAL,0.0362,-,-,-,-,-,-,-,-,-,-,2.3101,-,-,-,-,-,-
DASH,DOORDASH INC   A,0.13,0.44,-,-,-,1.7318,-,-,-,-,-,-,-,-,-,-,-,-
NRG,NRG ENERGY INC,0.0502,-,-,-,-,-,-,-,-,-,-,-,2.2312,-,-,-,-,-
DDOG,DATADOG INC   CLASS A,0.0754,0.23,0.3762,-,-,-,-,-,-,-,-,-,-,1.59,-,-,-,-
CHTR,CHARTER COMMUNICATIONS INC A,0.027,0.12,-,-,2.0909,-,-,-,-,-,-,-,-,-,-,-,-,-
EQT,EQT CORP,0.0569,-,-,-,-,-,-,2.1797,-,-,-,-,-,-,-,-,-,-
KVUE,KENVUE INC,0.0562,-,-,-,-,-,2.1605,-,-,-,-,-,-,-,-,-,-,-
KMB,KIMBERLY CLARK CORP,0.056,-,-,-,-,-,2.1522,-,-,-,-,-,-,-,-,-,-,-
TXG,10X GENOMICS INC-CLASS A,-,-,-,-,-,-,-,-,-,-,-,-,-,-,-,-,-,2.2
BMY,BRISTOL MYERS SQUIBB CO,0.1898,-,-,-,-,-,-,-,2.0079,-,-,-,-,-,-,-,-,-
FANG,DIAMONDBACK ENERGY INC,0.0497,0.24,-,-,-,-,-,1.9023,-,-,-,-,-,-,-,-,-,-
SBAC,SBA COMMUNICATIONS CORP,0.0334,-,-,-,-,-,-,-,-,-,-,2.1365,-,-,-,-,-,-
ADM,ARCHER DANIELS MIDLAND CO,0.0548,-,-,-,-,-,2.113,-,-,-,-,-,-,-,-,-,-,-
DTE,DTE ENERGY COMPANY,0.0478,-,-,-,-,-,-,-,-,-,-,-,2.118,-,-,-,-,-
DG,DOLLAR GENERAL CORP,0.0547,-,-,-,-,-,2.0944,-,-,-,-,-,-,-,-,-,-,-
AEE,AMEREN CORPORATION,0.0474,-,-,-,-,-,-,-,-,-,-,-,2.0982,-,-,-,-,-
MAR,Marriott International Inc/MD,0.1173,0.44,-,-,-,1.5622,-,-,-,-,-,-,-,-,-,-,-,-
OXY,OCCIDENTAL PETROLEUM CORP,0.054,-,-,-,-,-,-,2.0567,-,-,-,-,-,-,-,-,-,-
PPL,PPL CORP,0.0458,-,-,-,-,-,-,-,-,-,-,-,2.0268,-,-,-,-,-
ATO,ATMOS ENERGY CORP,0.0454,-,-,-,-,-,-,-,-,-,-,-,2.0245,-,-,-,-,-
WY,WEYERHAEUSER CO,0.0317,-,-,-,-,-,-,-,-,-,-,2.0299,-,-,-,-,-,-
WDAY,WORKDAY INC CLASS A,0.0683,0.21,0.3422,-,-,-,-,-,-,-,-,-,-,1.44,-,-,-,-
COF,CAPITAL ONE FINANCIAL CORP,0.2315,-,-,1.8224,-,-,-,-,-,-,-,-,-,-,-,-,-,-
APH,AMPHENOL CORP CL A,0.3413,-,1.7019,-,-,-,-,-,-,-,-,-,-,-,-,-,-,-
CW,CURTISS WRIGHT CORP,-,-,-,-,-,-,-,-,-,-,-,-,-,-,2.04,-,-,-
ES,EVERSOURCE ENERGY,0.0442,-,-,-,-,-,-,-,-,-,-,-,1.9772,-,-,-,-,-
ROP,ROPER TECHNOLOGIES INC,0.0665,0.21,0.3324,-,-,-,-,-,-,-,-,-,-,1.4,-,-,-,-
MCK,MCKESSON CORP,0.1727,-,-,-,-,-,-,-,1.8278,-,-,-,-,-,-,-,-,-
BALL,BALL CORP,0.0256,-,-,-,-,-,-,-,-,-,1.9724,-,-,-,-,-,-,-
CNP,CENTERPOINT ENERGY INC,0.0439,-,-,-,-,-,-,-,-,-,-,-,1.9402,-,-,-,-,-
FOXA,FOX CORP   CLASS A,0.0253,-,-,-,1.9472,-,-,-,-,-,-,-,-,-,-,-,-,-
ALAB,ASTERA LABS INC,-,-,-,-,-,-,-,-,-,-,-,-,-,-,-,1.96,-,-
AWK,AMERICAN WATER WORKS CO INC,0.0427,-,-,-,-,-,-,-,-,-,-,-,1.9004,-,-,-,-,-
XYZ,BLOCK INC,0.0595,-,-,0.467,-,-,-,-,-,-,-,-,-,-,-,-,-,1.41
GM,GENERAL MOTORS CO,0.1352,-,-,-,-,1.8003,-,-,-,-,-,-,-,-,-,-,-,-
REGN,Regeneron Pharmaceuticals Inc,0.1304,0.42,-,-,-,-,-,-,1.3798,-,-,-,-,-,-,-,-,-
HAL,HALLIBURTON CO,0.0484,-,-,-,-,-,-,1.8509,-,-,-,-,-,-,-,-,-,-
EL,ESTEE LAUDER COMPANIES CL A,0.0478,-,-,-,-,-,1.8448,-,-,-,-,-,-,-,-,-,-,-
AVY,AVERY DENNISON CORP,0.0242,-,-,-,-,-,-,-,-,-,1.8655,-,-,-,-,-,-,-
FE,FIRSTENERGY CORP,0.0417,-,-,-,-,-,-,-,-,-,-,-,1.8434,-,-,-,-,-
HSY,HERSHEY CO/THE,0.0478,-,-,-,-,-,1.8298,-,-,-,-,-,-,-,-,-,-,-
CF,CF INDUSTRIES HOLDINGS INC,0.024,-,-,-,-,-,-,-,-,-,1.8473,-,-,-,-,-,-,-
CSX,CSX CORP,0.1178,0.37,-,-,-,-,-,-,-,1.3824,-,-,-,-,-,-,-,-
NTLA,INTELLIA THERAPEUTICS INC,-,-,-,-,-,-,-,-,-,-,-,-,-,-,-,-,-,1.86
TT,TRANE TECHNOLOGIES PLC,0.1459,-,-,-,-,-,-,-,-,1.7141,-,-,-,-,-,-,-,-
EIX,EDISON INTERNATIONAL,0.0405,-,-,-,-,-,-,-,-,-,-,-,1.7981,-,-,-,-,-
WM,WASTE MANAGEMENT INC,0.1439,-,-,-,-,-,-,-,-,1.6896,-,-,-,-,-,-,-,-
PGR,PROGRESSIVE CORP,0.2047,-,-,1.6107,-,-,-,-,-,-,-,-,-,-,-,-,-,-
NKE,NIKE INC  CL B,0.1256,-,-,-,-,1.6763,-,-,-,-,-,-,-,-,-,-,-,-
CTAS,CINTAS CORP,0.1096,0.4,-,-,-,-,-,-,-,1.2871,-,-,-,-,-,-,-,-
MMM,3M CO,0.1408,-,-,-,-,-,-,-,-,1.6545,-,-,-,-,-,-,-,-
CVS,CVS HEALTH CORP,0.1531,-,-,-,-,-,-,-,1.6225,-,-,-,-,-,-,-,-,-
EMR,EMERSON ELECTRIC CO,0.1395,-,-,-,-,-,-,-,-,1.6348,-,-,-,-,-,-,-,-
ROST,ROSS STORES INC,0.1015,0.32,-,-,-,1.3515,-,-,-,-,-,-,-,-,-,-,-,-
RCL,ROYAL CARIBBEAN CRUISES LTD,0.1232,-,-,-,-,1.6465,-,-,-,-,-,-,-,-,-,-,-,-
ESS,ESSEX PROPERTY TRUST INC,0.0274,-,-,-,-,-,-,-,-,-,-,1.7406,-,-,-,-,-,-
MSTR,STRATEGY INC CLASS A,-,0.23,-,-,-,-,-,-,-,-,-,-,-,1.53,-,-,-,-
TXT,TEXTRON INC,0.028,-,-,-,-,-,-,-,-,0.3269,-,-,-,-,1.39,-,-,-
HII,HUNTINGTON INGALLS INDUSTRIES INC,0.0281,-,-,-,-,-,-,-,-,0.3266,-,-,-,-,1.39,-,-,-
TKO,TKO GROUP HOLDINGS INC,0.0221,-,-,-,1.7146,-,-,-,-,-,-,-,-,-,-,-,-,-
MAA,MID AMERICA APARTMENT COMM,0.0265,-,-,-,-,-,-,-,-,-,-,1.6934,-,-,-,-,-,-
ACN,ACCENTURE PLC CL A,0.2869,-,1.4304,-,-,-,-,-,-,-,-,-,-,-,-,-,-,-
CRDO,CREDO TECHNOLOGY GROUP HOLDING LTD,-,-,-,-,-,-,-,-,-,-,-,-,-,-,-,1.71,-,-
EXE,EXPAND ENERGY CORP,0.0434,-,-,-,-,-,-,1.6637,-,-,-,-,-,-,-,-,-,-
CMI,CUMMINS INC,0.133,-,-,-,-,-,-,-,-,1.5674,-,-,-,-,-,-,-,-
ILMN,ILLUMINA INC,-,-,-,-,-,-,-,-,-,-,-,-,-,-,-,-,-,1.7
HEIA,HEICO CORP CLASS A,-,-,-,-,-,-,-,-,-,-,-,-,-,-,1.7,-,-,-
LYB,LYONDELLBASELL INDU CL A,0.0218,-,-,-,-,-,-,-,-,-,1.6764,-,-,-,-,-,-,-
UPS,UNITED PARCEL SERVICE CL B,0.1327,-,-,-,-,-,-,-,-,1.5611,-,-,-,-,-,-,-,-
PCAR,PACCAR INC,0.1063,0.33,-,-,-,-,-,-,-,1.2504,-,-,-,-,-,-,-,-
CMS,CMS ENERGY CORP,0.0364,-,-,-,-,-,-,-,-,-,-,-,1.6358,-,-,-,-,-
WWD,WOODWARD INC,-,-,-,-,-,-,-,-,-,-,-,-,-,-,1.66,-,-,-
CRWV,COREWEAVE INC-CL A,-,-,-,-,-,-,-,-,-,-,-,-,-,-,-,-,-,1.66
FICO,FAIR ISAAC CORP,0.0614,-,0.3063,-,-,-,-,-,-,-,-,-,-,1.29,-,-,-,-
HLT,HILTON WORLDWIDE HOLDINGS IN,0.1155,-,-,-,-,1.538,-,-,-,-,-,-,-,-,-,-,-,-
INVH,INVITATION HOMES INC,0.0253,-,-,-,-,-,-,-,-,-,-,1.6208,-,-,-,-,-,-
CB,CHUBB LTD,0.1851,-,-,1.4568,-,-,-,-,-,-,-,-,-,-,-,-,-,-
BX,BLACKSTONE INC,0.1836,-,-,1.4472,-,-,-,-,-,-,-,-,-,-,-,-,-,-
DVN,DEVON ENERGY CORP,0.0415,-,-,-,-,-,-,1.5885,-,-,-,-,-,-,-,-,-,-
CVNA,CARVANA CO,0.1133,-,-,-,-,1.5094,-,-,-,-,-,-,-,-,-,-,-,-
NI,NISOURCE INC,0.0354,-,-,-,-,-,-,-,-,-,-,-,1.5805,-,-,-,-,-
GIS,GENERAL MILLS INC,0.0401,-,-,-,-,-,1.5368,-,-,-,-,-,-,-,-,-,-,-
HCA,HCA HEALTHCARE INC,0.1355,-,-,-,-,-,-,-,1.4344,-,-,-,-,-,-,-,-,-
ENTG,ENTEGRIS INC,-,-,-,-,-,-,-,-,-,-,-,-,-,-,-,1.56,-,-
BLSH,BULLISH,-,-,-,-,-,-,-,-,-,-,-,-,-,-,-,-,-,1.55
KIM,KIMCO REALTY CORP,0.0238,-,-,-,-,-,-,-,-,-,-,1.5223,-,-,-,-,-,-
JCI,JOHNSON CONTROLS INTERNATION,0.1199,-,-,-,-,-,-,-,-,1.4086,-,-,-,-,-,-,-,-
DLTR,DOLLAR TREE INC,0.0388,-,-,-,-,-,1.4893,-,-,-,-,-,-,-,-,-,-,-
PWR,QUANTA SERVICES INC,0.1197,-,-,-,-,-,-,-,-,1.4084,-,-,-,-,-,-,-,-
ANET,ARISTA NETWORKS INC,0.2538,-,1.2668,-,-,-,-,-,-,-,-,-,-,-,-,-,-,-
AZO,AUTOZONE INC,0.106,-,-,-,-,1.412,-,-,-,-,-,-,-,-,-,-,-,-
STZ,CONSTELLATION BRANDS INC A,0.0381,-,-,-,-,-,1.4649,-,-,-,-,-,-,-,-,-,-,-
KHC,KRAFT HEINZ CO/THE,0.0338,0.15,-,-,-,-,1.3016,-,-,-,-,-,-,-,-,-,-,-
ICE,INTERCONTINENTAL EXCHANGE IN,0.1657,-,-,1.3045,-,-,-,-,-,-,-,-,-,-,-,-,-,-
CHD,CHURCH + DWIGHT CO INC,0.0372,-,-,-,-,-,1.4287,-,-,-,-,-,-,-,-,-,-,-
ITW,ILLINOIS TOOL WORKS,0.1145,-,-,-,-,-,-,-,-,1.3459,-,-,-,-,-,-,-,-
CRS,CARPENTER TECHNOLOGY CORP,-,-,-,-,-,-,-,-,-,-,-,-,-,-,1.46,-,-,-
FDX,FEDEX CORP,0.1137,-,-,-,-,-,-,-,-,1.3366,-,-,-,-,-,-,-,-
ATI,ATI INC,-,-,-,-,-,-,-,-,-,-,-,-,-,-,1.42,-,-,-
CI,THE CIGNA GROUP,0.121,-,-,-,-,-,-,-,1.2808,-,-,-,-,-,-,-,-,-
ELV,ELEVANCE HEALTH INC,0.1204,-,-,-,-,-,-,-,1.274,-,-,-,-,-,-,-,-,-
NSC,NORFOLK SOUTHERN CORP,0.1088,-,-,-,-,-,-,-,-,1.2778,-,-,-,-,-,-,-,-
CTRA,COTERRA ENERGY INC,0.035,-,-,-,-,-,-,1.345,-,-,-,-,-,-,-,-,-,-
IDXX,IDEXX LABORATORIES INC,0.0933,0.29,-,-,-,-,-,-,0.9849,-,-,-,-,-,-,-,-,-
EVRG,EVERGY INC,0.0299,-,-,-,-,-,-,-,-,-,-,-,1.3242,-,-,-,-,-
DOC,HEALTHPEAK PROPERTIES INC,0.0209,-,-,-,-,-,-,-,-,-,-,1.3213,-,-,-,-,-,-
COR,CENCORA INC,0.1158,-,-,-,-,-,-,-,1.2258,-,-,-,-,-,-,-,-,-
NTRA,NATERA INC,-,-,-,-,-,-,-,-,-,-,-,-,-,-,-,-,-,1.34
VCYT,VERACYTE INC,-,-,-,-,-,-,-,-,-,-,-,-,-,-,-,-,-,1.34
FAST,FASTENAL CO,0.0846,0.26,-,-,-,-,-,-,-,0.9933,-,-,-,-,-,-,-,-
LNT,ALLIANT ENERGY CORP,0.0292,-,-,-,-,-,-,-,-,-,-,-,1.2887,-,-,-,-,-
WDC,WESTERN DIGITAL CORP,0.1449,0.45,0.7224,-,-,-,-,-,-,-,-,-,-,-,-,-,-,-
TPL,TEXAS PACIFIC LAND CORP,0.0334,-,-,-,-,-,-,1.283,-,-,-,-,-,-,-,-,-,-
NWSA,NEWS CORP   CLASS A,0.0167,-,-,-,1.2959,-,-,-,-,-,-,-,-,-,-,-,-,-
F,FORD MOTOR CO,0.0913,-,-,-,-,1.218,-,-,-,-,-,-,-,-,-,-,-,-
USB,US BANCORP,0.1476,-,-,1.16,-,-,-,-,-,-,-,-,-,-,-,-,-,-
MRSH,MARSH + MCLENNAN COS,0.1472,-,-,1.1591,-,-,-,-,-,-,-,-,-,-,-,-,-,-
PNC,PNC FINANCIAL SERVICES GROUP,0.1471,-,-,1.158,-,-,-,-,-,-,-,-,-,-,-,-,-,-
RXRX,RECURSION PHARMACEUTICALS-A,-,-,-,-,-,-,-,-,-,-,-,-,-,-,-,-,-,1.3
HST,HOST HOTELS + RESORTS INC,0.0199,-,-,-,-,-,-,-,-,-,-,1.2757,-,-,-,-,-,-
REG,REGENCY CENTERS CORP,0.0197,-,-,-,-,-,-,-,-,-,-,1.2598,-,-,-,-,-,-
FOX,FOX CORP   CLASS B,0.016,-,-,-,1.2507,-,-,-,-,-,-,-,-,-,-,-,-,-
CPT,CAMDEN PROPERTY TRUST,0.0197,-,-,-,-,-,-,-,-,-,-,1.244,-,-,-,-,-,-
BIDU,BAIDU INC - SPON ADR,-,-,-,-,-,-,-,-,-,-,-,-,-,-,-,-,-,1.26
CMG,CHIPOTLE MEXICAN GRILL INC,0.0879,-,-,-,-,1.1713,-,-,-,-,-,-,-,-,-,-,-,-
NVMI,NOVA LTD,-,-,-,-,-,-,-,-,-,-,-,-,-,-,-,1.25,-,-
MTSI,MACOM TECHNOLOGY SOLUTIONS INC,-,-,-,-,-,-,-,-,-,-,-,-,-,-,-,1.25,-,-
URI,UNITED RENTALS INC,0.0969,-,-,-,-,-,-,-,-,1.1379,-,-,-,-,-,-,-,-
BK,BANK OF NEW YORK MELLON CORP,0.139,-,-,1.0943,-,-,-,-,-,-,-,-,-,-,-,-,-,-
TSN,TYSON FOODS INC CL A,0.0312,-,-,-,-,-,1.1993,-,-,-,-,-,-,-,-,-,-,-
STX,Seagate Technology Holdings PLC,0.1359,0.41,0.6774,-,-,-,-,-,-,-,-,-,-,-,-,-,-,-
UDR,UDR INC,0.0189,-,-,-,-,-,-,-,-,-,-,1.1978,-,-,-,-,-,-
STM,STMICROELECTRONICS ADR NV,-,-,-,-,-,-,-,-,-,-,-,-,-,-,-,0.53,0.68,-
MCO,MOODY S CORP,0.1335,-,-,1.0513,-,-,-,-,-,-,-,-,-,-,-,-,-,-
KKR,KKR + CO INC,0.1336,-,-,1.051,-,-,-,-,-,-,-,-,-,-,-,-,-,-
MOS,MOSAIC CO/THE,0.0152,-,-,-,-,-,-,-,-,-,1.1654,-,-,-,-,-,-,-
HEI,HEICO CORP,-,-,-,-,-,-,-,-,-,-,-,-,-,-,1.14,-,-,-
BDX,BECTON DICKINSON AND CO,0.0977,-,-,-,-,-,-,-,1.0349,-,-,-,-,-,-,-,-,-
AME,AMETEK INC,0.0852,-,-,-,-,-,-,-,-,0.9995,-,-,-,-,-,-,-,-
RMBS,RAMBUS INC,-,-,-,-,-,-,-,-,-,-,-,-,-,-,-,1.07,-,-
ZTS,ZOETIS INC,0.0924,-,-,-,-,-,-,-,0.9776,-,-,-,-,-,-,-,-,-
MKC,MCCORMICK + CO NON VTG SHRS,0.0269,-,-,-,-,-,1.0348,-,-,-,-,-,-,-,-,-,-,-
DKNG UW,DRAFTKINGS INC-CL A,-,-,-,-,-,-,-,-,-,-,-,-,-,-,-,-,-,1.06
AON,AON PLC CLASS A,0.1192,-,-,0.9383,-,-,-,-,-,-,-,-,-,-,-,-,-,-
BXP,BXP INC,0.0161,-,-,-,-,-,-,-,-,-,-,1.0319,-,-,-,-,-,-
PYPL,PAYPAL HOLDINGS INC,0.0871,0.27,-,0.6857,-,-,-,-,-,-,-,-,-,-,-,-,-,-
BG,BUNGE GLOBAL SA,0.0264,-,-,-,-,-,1.0131,-,-,-,-,-,-,-,-,-,-,-
EBAY,EBAY INC,0.0722,-,-,-,-,0.9614,-,-,-,-,-,-,-,-,-,-,-,-
YUM,YUM  BRANDS INC,0.0717,-,-,-,-,0.9553,-,-,-,-,-,-,-,-,-,-,-,-
ROK,ROCKWELL AUTOMATION INC,0.0791,-,-,-,-,-,-,-,-,0.9278,-,-,-,-,-,-,-,-
GWW,WW GRAINGER INC,0.0776,-,-,-,-,-,-,-,-,0.9106,-,-,-,-,-,-,-,-
CAH,CARDINAL HEALTH INC,0.0853,-,-,-,-,-,-,-,0.9028,-,-,-,-,-,-,-,-,-
ARE,ALEXANDRIA REAL ESTATE EQUIT,0.0151,-,-,-,-,-,-,-,-,-,-,0.9708,-,-,-,-,-,-
MTCH,MATCH GROUP INC,0.0127,-,-,-,0.9723,-,-,-,-,-,-,-,-,-,-,-,-,-
SWKS,SKYWORKS SOLUTIONS INC,0.0148,-,-,-,-,-,-,-,-,-,-,-,-,-,-,0.76,0.21,-
DHI,DR HORTON INC,0.0683,-,-,-,-,0.9091,-,-,-,-,-,-,-,-,-,-,-,-
ZS,Zscaler Inc,-,0.18,-,-,-,-,-,-,-,-,-,-,-,0.79,-,-,-,-
TFC,TRUIST FINANCIAL CORP,0.1092,-,-,0.8595,-,-,-,-,-,-,-,-,-,-,-,-,-,-
CPRT,COPART INC,0.0601,0.2,-,-,-,-,-,-,-,0.7076,-,-,-,-,-,-,-,-
CARR,CARRIER GLOBAL CORP,0.0758,-,-,-,-,-,-,-,-,0.8894,-,-,-,-,-,-,-,-
EW,EDWARDS LIFESCIENCES CORP,0.0814,-,-,-,-,-,-,-,0.8612,-,-,-,-,-,-,-,-,-
RSG,REPUBLIC SERVICES INC,0.0733,-,-,-,-,-,-,-,-,0.8603,-,-,-,-,-,-,-,-
TRV,TRAVELERS COS INC/THE,0.1052,-,-,0.8282,-,-,-,-,-,-,-,-,-,-,-,-,-,-
AJG,ARTHUR J GALLAGHER + CO,0.1042,-,-,0.8216,-,-,-,-,-,-,-,-,-,-,-,-,-,-
ASX,ASE TECHNOLOGY HOLDING ADR REPRESE,-,-,-,-,-,-,-,-,-,-,-,-,-,-,-,0.92,-,-
PAYX,PAYCHEX INC,0.0564,0.2,-,-,-,-,-,-,-,0.6622,-,-,-,-,-,-,-,-
DAL,DELTA AIR LINES INC,0.0719,-,-,-,-,-,-,-,-,0.8445,-,-,-,-,-,-,-,-
APO,APOLLO GLOBAL MANAGEMENT INC,0.1026,-,-,0.8076,-,-,-,-,-,-,-,-,-,-,-,-,-,-
TEAM,ATLASSIAN CORP CLASS A,-,0.12,-,-,-,-,-,-,-,-,-,-,-,0.79,-,-,-,-
CLX,CLOROX COMPANY,0.0232,-,-,-,-,-,0.88,-,-,-,-,-,-,-,-,-,-,-
GEHC,GE HealthCare Technologies Inc,0.0615,0.19,-,-,-,-,-,-,0.6495,-,-,-,-,-,-,-,-,-
PTC,PTC INC,0.033,-,0.1649,-,-,-,-,-,-,-,-,-,-,0.7,-,-,-,-
ZM,ZOOM COMMUNICATIONS INC CLASS A,-,-,-,-,-,-,-,-,-,-,-,-,-,0.89,-,-,-,-
PD,PAGERDUTY INC,-,-,-,-,-,-,-,-,-,-,-,-,-,-,-,-,-,0.89
ODFL,Old Dominion Freight Line Inc,0.0541,0.19,-,-,-,-,-,-,-,0.6319,-,-,-,-,-,-,-,-
FIX,COMFORT SYSTEMS USA INC,0.0685,-,-,-,-,-,-,-,-,0.8039,-,-,-,-,-,-,-,-
FRT,FEDERAL REALTY INVS TRUST,0.0133,-,-,-,-,-,-,-,-,-,-,0.8552,-,-,-,-,-,-
PNW,PINNACLE WEST CAPITAL,0.0192,-,-,-,-,-,-,-,-,-,-,-,0.8463,-,-,-,-,-
BABA,ALIBABA GROUP HOLDING-SP ADR,-,-,-,-,-,-,-,-,-,-,-,-,-,-,-,-,-,0.86
GLW,CORNING INC,0.1435,-,0.716,-,-,-,-,-,-,-,-,-,-,-,-,-,-,-
WAB,WABTEC CORP,0.0663,-,-,-,-,-,-,-,-,0.7798,-,-,-,-,-,-,-,-
TYL,TYLER TECHNOLOGIES INC,0.0308,-,0.1534,-,-,-,-,-,-,-,-,-,-,0.65,-,-,-,-
AVAV,AEROVIRONMENT INC,-,-,-,-,-,-,-,-,-,-,-,-,-,-,0.83,-,-,-
AES,AES CORP,0.018,-,-,-,-,-,-,-,-,-,-,-,0.7928,-,-,-,-,-
SOFI,SOFI TECHNOLOGIES INC,-,-,-,-,-,-,-,-,-,-,-,-,-,-,-,-,-,0.81
GRMN,GARMIN LTD,0.0562,-,-,-,-,0.748,-,-,-,-,-,-,-,-,-,-,-,-
VRSK,VERISK ANALYTICS INC,0.0507,0.16,-,-,-,-,-,-,-,0.5934,-,-,-,-,-,-,-,-
UMC,UNITED MICRO ELECTRONICS ADR REP,-,-,-,-,-,-,-,-,-,-,-,-,-,-,-,0.8,-,-
IQV,IQVIA HOLDINGS INC,0.0687,-,-,-,-,-,-,-,0.7287,-,-,-,-,-,-,-,-,-
AFL,AFLAC INC,0.0858,-,-,0.6749,-,-,-,-,-,-,-,-,-,-,-,-,-,-
PACB,PACIFIC BIOSCIENCES OF CALIF,-,-,-,-,-,-,-,-,-,-,-,-,-,-,-,-,-,0.76
ALL,ALLSTATE CORP,0.0855,-,-,0.673,-,-,-,-,-,-,-,-,-,-,-,-,-,-
TRMB,TRIMBLE INC,0.0278,-,0.1393,-,-,-,-,-,-,-,-,-,-,0.59,-,-,-,-
OTIS,OTIS WORLDWIDE CORP,0.0592,-,-,-,-,-,-,-,-,0.6947,-,-,-,-,-,-,-,-
EXPE,EXPEDIA GROUP INC,0.0524,-,-,-,-,0.6973,-,-,-,-,-,-,-,-,-,-,-,-
A,AGILENT TECHNOLOGIES INC,0.0647,-,-,-,-,-,-,-,0.6842,-,-,-,-,-,-,-,-,-
CCL,CARNIVAL CORP,0.0522,-,-,-,-,0.696,-,-,-,-,-,-,-,-,-,-,-,-
SJM,JM SMUCKER CO/THE,0.019,-,-,-,-,-,0.7236,-,-,-,-,-,-,-,-,-,-,-
XYL,XYLEM INC,0.0571,-,-,-,-,-,-,-,-,0.673,-,-,-,-,-,-,-,-
KRMN,KARMAN HOLDINGS INC,-,-,-,-,-,-,-,-,-,-,-,-,-,-,0.73,-,-,-
RMD,RESMED INC,0.0627,-,-,-,-,-,-,-,0.6621,-,-,-,-,-,-,-,-,-
UAL,UNITED AIRLINES HOLDINGS INC,0.0565,-,-,-,-,-,-,-,-,0.6631,-,-,-,-,-,-,-,-
DXCM,DEXCOM INC,0.0483,0.15,-,-,-,-,-,-,0.5101,-,-,-,-,-,-,-,-,-
TSCO,TRACTOR SUPPLY COMPANY,0.0495,-,-,-,-,0.6579,-,-,-,-,-,-,-,-,-,-,-,-
ULTA,ULTA BEAUTY INC,0.049,-,-,-,-,0.6524,-,-,-,-,-,-,-,-,-,-,-,-
MOGA,MOOG INC CLASS A,-,-,-,-,-,-,-,-,-,-,-,-,-,-,0.69,-,-,-
AMP,AMERIPRISE FINANCIAL INC,0.0777,-,-,0.6118,-,-,-,-,-,-,-,-,-,-,-,-,-,-
EME,EMCOR GROUP INC,0.0537,-,-,-,-,-,-,-,-,0.6312,-,-,-,-,-,-,-,-
TEL,TE CONNECTIVITY PLC,0.1139,-,0.5678,-,-,-,-,-,-,-,-,-,-,-,-,-,-,-
MSI,MOTOROLA SOLUTIONS INC,0.1135,-,0.5656,-,-,-,-,-,-,-,-,-,-,-,-,-,-,-
SNDK,SANDISK CORP,0.1124,-,0.5605,-,-,-,-,-,-,-,-,-,-,-,-,-,-,-
-,SSI US GOV MONEY MARKET CLASS,0.3417,-,-,-,-,-,-,-,-,-,0.1077,-,0.2155,-,-,-,-,-
IR,INGERSOLL RAND INC,0.0523,-,-,-,-,-,-,-,-,0.6106,-,-,-,-,-,-,-,-
NDAQ,NASDAQ INC,0.0745,-,-,0.5866,-,-,-,-,-,-,-,-,-,-,-,-,-,-
MSCI,MSCI INC,0.0733,-,-,0.5766,-,-,-,-,-,-,-,-,-,-,-,-,-,-
GEN,GEN DIGITAL INC,0.0236,-,0.1183,-,-,-,-,-,-,-,-,-,-,0.5,-,-,-,-
MET,METLIFE INC,0.0712,-,-,0.5604,-,-,-,-,-,-,-,-,-,-,-,-,-,-
TPR,TAPESTRY INC,0.0438,-,-,-,-,0.5831,-,-,-,-,-,-,-,-,-,-,-,-
CTSH,Cognizant Technology Solutions Corp,0.0685,0.21,0.3417,-,-,-,-,-,-,-,-,-,-,-,-,-,-,-
WGS,GENEDX HOLDINGS CORP,-,-,-,-,-,-,-,-,-,-,-,-,-,-,-,-,-,0.62
MELI,MercadoLibre Inc,-,0.61,-,-,-,-,-,-,-,-,-,-,-,-,-,-,-,-
WSM,WILLIAMS SONOMA INC,0.0427,-,-,-,-,0.5666,-,-,-,-,-,-,-,-,-,-,-,-
DOV,DOVER CORP,0.0475,-,-,-,-,-,-,-,-,0.5596,-,-,-,-,-,-,-,-
APA,APA CORP,0.0154,-,-,-,-,-,-,0.5881,-,-,-,-,-,-,-,-,-,-
AIG,AMERICAN INTERNATIONAL GROUP,0.0669,-,-,0.5262,-,-,-,-,-,-,-,-,-,-,-,-,-,-
HUBS,HUBSPOT INC,-,-,-,-,-,-,-,-,-,-,-,-,-,0.59,-,-,-,-
PHM,PULTEGROUP INC,0.0405,-,-,-,-,0.5395,-,-,-,-,-,-,-,-,-,-,-,-
LEN,LENNAR CORP W/D,0.0398,-,-,-,-,0.5306,-,-,-,-,-,-,-,-,-,-,-,-
CAG,CONAGRA BRANDS INC,0.0145,-,-,-,-,-,0.5533,-,-,-,-,-,-,-,-,-,-,-
MTD,METTLER TOLEDO INTERNATIONAL,0.0488,-,-,-,-,-,-,-,0.5168,-,-,-,-,-,-,-,-,-
PRU,PRUDENTIAL FINANCIAL INC,0.0631,-,-,0.4965,-,-,-,-,-,-,-,-,-,-,-,-,-,-
DRI,DARDEN RESTAURANTS INC,0.0384,-,-,-,-,0.5116,-,-,-,-,-,-,-,-,-,-,-,-
HUBB,HUBBELL INC,0.0434,-,-,-,-,-,-,-,-,0.5065,-,-,-,-,-,-,-,-
EFX,EQUIFAX INC,0.0427,-,-,-,-,-,-,-,-,0.5012,-,-,-,-,-,-,-,-
TAP,MOLSON COORS BEVERAGE CO   B,0.0136,-,-,-,-,-,0.5287,-,-,-,-,-,-,-,-,-,-,-
HIG,HARTFORD INSURANCE GROUP INC,0.0609,-,-,0.4795,-,-,-,-,-,-,-,-,-,-,-,-,-,-
HXL,HEXCEL CORP,-,-,-,-,-,-,-,-,-,-,-,-,-,-,0.54,-,-,-
VLTO,VERALTO CORP,0.042,-,-,-,-,-,-,-,-,0.4915,-,-,-,-,-,-,-,-
FISV,FISERV INC,0.0598,-,-,0.4707,-,-,-,-,-,-,-,-,-,-,-,-,-,-
STT,STATE STREET CORP,0.0598,-,-,0.4707,-,-,-,-,-,-,-,-,-,-,-,-,-,-
BR,BROADRIDGE FINANCIAL SOLUTIO,0.0405,-,-,-,-,-,-,-,-,0.4743,-,-,-,-,-,-,-,-
NVR,NVR INC,0.0358,-,-,-,-,0.4756,-,-,-,-,-,-,-,-,-,-,-,-
LDOS,LEIDOS HOLDINGS INC,0.0402,-,-,-,-,-,-,-,-,0.471,-,-,-,-,-,-,-,-
ARM,ARM HOLDINGS AMERICAN DEPOSITARY S,-,0.08,-,-,-,-,-,-,-,-,-,-,-,-,-,0.43,-,-
ACGL,ARCH CAPITAL GROUP LTD,0.0566,-,-,0.4454,-,-,-,-,-,-,-,-,-,-,-,-,-,-
STE,STERIS PLC,0.0433,-,-,-,-,-,-,-,0.4583,-,-,-,-,-,-,-,-,-
NWS,NEWS CORP   CLASS B,0.0063,-,-,-,0.4943,-,-,-,-,-,-,-,-,-,-,-,-,-
IBKR,INTERACTIVE BROKERS GRO CL A,0.0563,-,-,0.4438,-,-,-,-,-,-,-,-,-,-,-,-,-,-
FITB,FIFTH THIRD BANCORP,0.0564,-,-,0.4437,-,-,-,-,-,-,-,-,-,-,-,-,-,-
U,UNITY SOFTWARE INC,-,-,-,-,-,-,-,-,-,-,-,-,-,0.5,-,-,-,-
MTB,M + T BANK CORP,0.0561,-,-,0.4414,-,-,-,-,-,-,-,-,-,-,-,-,-,-
BIIB,BIOGEN INC,0.0429,-,-,-,-,-,-,-,0.4535,-,-,-,-,-,-,-,-,-
HUM,HUMANA INC,0.0419,-,-,-,-,-,-,-,0.444,-,-,-,-,-,-,-,-,-
HRL,HORMEL FOODS CORP,0.0124,-,-,-,-,-,0.4734,-,-,-,-,-,-,-,-,-,-,-
LULU,LULULEMON ATHLETICA INC,0.0337,-,-,-,-,0.4494,-,-,-,-,-,-,-,-,-,-,-,-
GWRE,GUIDEWIRE SOFTWARE INC,-,-,-,-,-,-,-,-,-,-,-,-,-,0.48,-,-,-,-
PSKY,PARAMOUNT SKYDANCE CL B,0.006,-,-,-,0.4661,-,-,-,-,-,-,-,-,-,-,-,-,-
GPC,GENUINE PARTS CO,0.0327,-,-,-,-,0.4331,-,-,-,-,-,-,-,-,-,-,-,-
ARES,ARES MANAGEMENT CORP   A,0.0515,-,-,0.4062,-,-,-,-,-,-,-,-,-,-,-,-,-,-
LUV,SOUTHWEST AIRLINES CO,0.0359,-,-,-,-,-,-,-,-,0.4209,-,-,-,-,-,-,-,-
CHRW,C.H. ROBINSON WORLDWIDE INC,0.0359,-,-,-,-,-,-,-,-,0.4196,-,-,-,-,-,-,-,-
EXPD,EXPEDITORS INTL WASH INC,0.0356,-,-,-,-,-,-,-,-,0.4179,-,-,-,-,-,-,-,-
WAT,WATERS CORP,0.0392,-,-,-,-,-,-,-,0.4123,-,-,-,-,-,-,-,-,-
MRCY,MERCURY SYSTEMS INC,-,-,-,-,-,-,-,-,-,-,-,-,-,-,0.45,-,-,-
WTW,WILLIS TOWERS WATSON PLC,0.0505,-,-,0.3977,-,-,-,-,-,-,-,-,-,-,-,-,-,-
FIS,FIDELITY NATIONAL INFO SERV,0.0504,-,-,0.3969,-,-,-,-,-,-,-,-,-,-,-,-,-,-
RJF,RAYMOND JAMES FINANCIAL INC,0.05,-,-,0.3935,-,-,-,-,-,-,-,-,-,-,-,-,-,-
LVS,LAS VEGAS SANDS CORP,0.0308,-,-,-,-,0.4101,-,-,-,-,-,-,-,-,-,-,-,-
LH,LABCORP HOLDINGS INC,0.0378,-,-,-,-,-,-,-,0.399,-,-,-,-,-,-,-,-,-
DT,DYNATRACE INC,-,-,-,-,-,-,-,-,-,-,-,-,-,0.43,-,-,-,-
NTRS,NORTHERN TRUST CORP,0.0476,-,-,0.3743,-,-,-,-,-,-,-,-,-,-,-,-,-,-
VSEC,VSE CORP,-,-,-,-,-,-,-,-,-,-,-,-,-,-,0.42,-,-,-
CBOE,CBOE GLOBAL MARKETS INC,0.0473,-,-,0.3705,-,-,-,-,-,-,-,-,-,-,-,-,-,-
LW,LAMB WESTON HOLDINGS INC,0.0104,-,-,-,-,-,0.4045,-,-,-,-,-,-,-,-,-,-,-
SNA,SNAP ON INC,0.032,-,-,-,-,-,-,-,-,0.3766,-,-,-,-,-,-,-,-
HBAN,HUNTINGTON BANCSHARES INC,0.046,-,-,0.3618,-,-,-,-,-,-,-,-,-,-,-,-,-,-
CFG,CITIZENS FINANCIAL GROUP,0.0457,-,-,0.3595,-,-,-,-,-,-,-,-,-,-,-,-,-,-
APTV,APTIV PLC,0.0283,-,-,-,-,0.3765,-,-,-,-,-,-,-,-,-,-,-,-
DGX,QUEST DIAGNOSTICS INC,0.0344,-,-,-,-,-,-,-,0.3639,-,-,-,-,-,-,-,-,-
ROL,ROLLINS INC,0.0311,-,-,-,-,-,-,-,-,0.3668,-,-,-,-,-,-,-,-
SYF,SYNCHRONY FINANCIAL,0.0441,-,-,0.3471,-,-,-,-,-,-,-,-,-,-,-,-,-,-
NTNX,NUTANIX INC CLASS A,-,-,-,-,-,-,-,-,-,-,-,-,-,0.39,-,-,-,-
DOCU,DOCUSIGN INC,-,-,-,-,-,-,-,-,-,-,-,-,-,0.39,-,-,-,-
SARO,STANDARDAERO,-,-,-,-,-,-,-,-,-,-,-,-,-,-,0.39,-,-,-
IOT,SAMSARA INC CLASS A,-,-,-,-,-,-,-,-,-,-,-,-,-,0.38,-,-,-,-
CNC,CENTENE CORP,0.0324,-,-,-,-,-,-,-,0.3443,-,-,-,-,-,-,-,-,-
PNR,PENTAIR PLC,0.0295,-,-,-,-,-,-,-,-,0.3466,-,-,-,-,-,-,-,-
KEYS,KEYSIGHT TECHNOLOGIES IN,0.0628,-,0.313,-,-,-,-,-,-,-,-,-,-,-,-,-,-,-
PDD,PDD Holdings Inc,-,0.37,-,-,-,-,-,-,-,-,-,-,-,-,-,-,-,-
CINF,CINCINNATI FINANCIAL CORP,0.0413,-,-,0.3253,-,-,-,-,-,-,-,-,-,-,-,-,-,-
RF,REGIONS FINANCIAL CORP,0.041,-,-,0.3226,-,-,-,-,-,-,-,-,-,-,-,-,-,-
PODD,INSULET CORP,0.0311,-,-,-,-,-,-,-,0.3308,-,-,-,-,-,-,-,-,-
FTV,FORTIVE CORP,0.0283,-,-,-,-,-,-,-,-,0.3323,-,-,-,-,-,-,-,-
MANH,MANHATTAN ASSOCIATES INC,-,-,-,-,-,-,-,-,-,-,-,-,-,0.36,-,-,-,-
CPB,THE CAMPBELL S COMPANY,0.0091,-,-,-,-,-,0.3466,-,-,-,-,-,-,-,-,-,-,-
DECK,DECKERS OUTDOOR CORP,0.0245,-,-,-,-,0.3261,-,-,-,-,-,-,-,-,-,-,-,-
AIR,AAR CORP,-,-,-,-,-,-,-,-,-,-,-,-,-,-,0.35,-,-,-
J,JACOBS SOLUTIONS INC,0.0272,-,-,-,-,-,-,-,-,0.3218,-,-,-,-,-,-,-,-
DELL,DELL TECHNOLOGIES  C,0.058,-,0.289,-,-,-,-,-,-,-,-,-,-,-,-,-,-,-
TROW,T ROWE PRICE GROUP INC,0.0388,-,-,0.3033,-,-,-,-,-,-,-,-,-,-,-,-,-,-
LII,LENNOX INTERNATIONAL INC,0.0265,-,-,-,-,-,-,-,-,0.3134,-,-,-,-,-,-,-,-
WST,WEST PHARMACEUTICAL SERVICES,0.029,-,-,-,-,-,-,-,0.3069,-,-,-,-,-,-,-,-,-
RL,RALPH LAUREN CORP,0.0232,-,-,-,-,0.3098,-,-,-,-,-,-,-,-,-,-,-,-
INCY,INCYTE CORP,0.0287,-,-,-,-,-,-,-,0.3029,-,-,-,-,-,-,-,-,-
CPAY,CORPAY INC,0.0373,-,-,0.2941,-,-,-,-,-,-,-,-,-,-,-,-,-,-
ZBH,ZIMMER BIOMET HOLDINGS INC,0.0286,-,-,-,-,-,-,-,0.3025,-,-,-,-,-,-,-,-,-
CERS,CERUS CORP,-,-,-,-,-,-,-,-,-,-,-,-,-,-,-,-,-,0.33
JBHT,HUNT (JB) TRANSPRT SVCS INC,0.0256,-,-,-,-,-,-,-,-,0.3004,-,-,-,-,-,-,-,-
HOLX,HOLOGIC INC,0.0279,-,-,-,-,-,-,-,0.2971,-,-,-,-,-,-,-,-,-
BRO,BROWN + BROWN INC,0.0364,-,-,0.2873,-,-,-,-,-,-,-,-,-,-,-,-,-,-
CFLT,CONFLUENT INC CLASS A,-,-,-,-,-,-,-,-,-,-,-,-,-,0.32,-,-,-,-
COO,COOPER COS INC/THE,0.0271,-,-,-,-,-,-,-,0.2848,-,-,-,-,-,-,-,-,-
IEX,IDEX CORP,0.0245,-,-,-,-,-,-,-,-,0.2871,-,-,-,-,-,-,-,-
NDSN,NORDSON CORP,0.0244,-,-,-,-,-,-,-,-,0.2871,-,-,-,-,-,-,-,-
BF.B,BROWN FORMAN CORP CLASS B,0.0077,-,-,-,-,-,0.3038,-,-,-,-,-,-,-,-,-,-,-
RBRK,RUBRIK INC CLASS A,-,-,-,-,-,-,-,-,-,-,-,-,-,0.31,-,-,-,-
DPZ,DOMINO S PIZZA INC,0.0216,-,-,-,-,0.2874,-,-,-,-,-,-,-,-,-,-,-,-
BBY,BEST BUY CO INC,0.0215,-,-,-,-,0.2869,-,-,-,-,-,-,-,-,-,-,-,-
ALLE,ALLEGION PLC,0.0241,-,-,-,-,-,-,-,-,0.2837,-,-,-,-,-,-,-,-
MRNA,MODERNA INC,0.0261,-,-,-,-,-,-,-,0.2805,-,-,-,-,-,-,-,-,-
WRB,WR BERKLEY CORP,0.0339,-,-,0.2664,-,-,-,-,-,-,-,-,-,-,-,-,-,-
IDCC,INTERDIGITAL INC,-,-,-,-,-,-,-,-,-,-,-,-,-,0.3,-,-,-,-
QBTS,D WAVE QUANTUM INC,-,-,-,-,-,-,-,-,-,-,-,-,-,0.3,-,-,-,-
SNAP,SNAP INC CLASS A,-,-,-,-,-,-,-,-,-,-,-,-,-,0.3,-,-,-,-
MAS,MASCO CORP,0.0235,-,-,-,-,-,-,-,-,0.2746,-,-,-,-,-,-,-,-
KEY,KEYCORP,0.0335,-,-,0.2632,-,-,-,-,-,-,-,-,-,-,-,-,-,-
VTRS,VIATRIS INC,0.0254,-,-,-,-,-,-,-,0.2683,-,-,-,-,-,-,-,-,-
TDY,TELEDYNE TECHNOLOGIES INC,0.0482,-,0.2419,-,-,-,-,-,-,-,-,-,-,-,-,-,-,-
HAS,HASBRO INC,0.0199,-,-,-,-,0.2671,-,-,-,-,-,-,-,-,-,-,-,-
HPE,HEWLETT PACKARD ENTERPRISE,0.0478,-,0.2383,-,-,-,-,-,-,-,-,-,-,-,-,-,-,-
TRI,Thomson Reuters Corp,-,0.28,-,-,-,-,-,-,-,-,-,-,-,-,-,-,-,-
BLDR,BUILDERS FIRSTSOURCE INC,0.0219,-,-,-,-,-,-,-,-,0.2553,-,-,-,-,-,-,-,-
PFG,PRINCIPAL FINANCIAL GROUP,0.0309,-,-,0.2434,-,-,-,-,-,-,-,-,-,-,-,-,-,-
FER,Ferrovial SE,-,0.27,-,-,-,-,-,-,-,-,-,-,-,-,-,-,-,-
PCOR,PROCORE TECHNOLOGIES INC,-,-,-,-,-,-,-,-,-,-,-,-,-,0.27,-,-,-,-
DRS,LEONARDO DRS INC,-,-,-,-,-,-,-,-,-,-,-,-,-,-,0.27,-,-,-
SWK,STANLEY BLACK + DECKER INC,0.0211,-,-,-,-,-,-,-,-,0.2472,-,-,-,-,-,-,-,-
JBL,JABIL INC,0.0434,-,0.2165,-,-,-,-,-,-,-,-,-,-,-,-,-,-,-
GPN,GLOBAL PAYMENTS INC,0.0293,-,-,0.2306,-,-,-,-,-,-,-,-,-,-,-,-,-,-
L,LOEWS CORP,0.0291,-,-,0.2288,-,-,-,-,-,-,-,-,-,-,-,-,-,-
FSLR,FIRST SOLAR INC,0.0425,-,0.2109,-,-,-,-,-,-,-,-,-,-,-,-,-,-,-
RVTY,REVVITY INC,0.0221,-,-,-,-,-,-,-,0.2307,-,-,-,-,-,-,-,-,-
OTEX,OPEN TEXT CORP,-,-,-,-,-,-,-,-,-,-,-,-,-,0.25,-,-,-,-
DSGX,DESCARTES SYSTEMS GROUP INC,-,-,-,-,-,-,-,-,-,-,-,-,-,0.25,-,-,-,-
CWAN,CLEARWATER ANALYTICS HOLDINGS INC,-,-,-,-,-,-,-,-,-,-,-,-,-,0.25,-,-,-,-
ESTC,ELASTIC NV,-,-,-,-,-,-,-,-,-,-,-,-,-,0.25,-,-,-,-
ALNY,Alnylam Pharmaceuticals Inc,-,0.24,-,-,-,-,-,-,-,-,-,-,-,-,-,-,-,-
DAY,DAYFORCE INC,0.0185,-,-,-,-,-,-,-,-,0.2184,-,-,-,-,-,-,-,-
WYNN,WYNN RESORTS LTD,0.016,-,-,-,-,0.2145,-,-,-,-,-,-,-,-,-,-,-,-
NCLH,NORWEGIAN CRUISE LINE HOLDIN,0.0156,-,-,-,-,0.2121,-,-,-,-,-,-,-,-,-,-,-,-
SOLV,SOLVENTUM CORP,0.0193,-,-,-,-,-,-,-,0.2031,-,-,-,-,-,-,-,-,-
CCEP,Coca-Cola Europacific Partners PLC,-,0.22,-,-,-,-,-,-,-,-,-,-,-,-,-,-,-,-
CORZ,CORE SCIENTIFIC INC,-,-,-,-,-,-,-,-,-,-,-,-,-,0.22,-,-,-,-
UHS,UNIVERSAL HEALTH SERVICES B,0.019,-,-,-,-,-,-,-,0.1987,-,-,-,-,-,-,-,-,-
ALGN,ALIGN TECHNOLOGY INC,0.0187,-,-,-,-,-,-,-,0.1979,-,-,-,-,-,-,-,-,-
GNRC,GENERAC HOLDINGS INC,0.0166,-,-,-,-,-,-,-,-,0.1969,-,-,-,-,-,-,-,-
CRL,CHARLES RIVER LABORATORIES,0.0183,-,-,-,-,-,-,-,0.1918,-,-,-,-,-,-,-,-,-
PATH,UIPATH INC CLASS A,-,-,-,-,-,-,-,-,-,-,-,-,-,0.21,-,-,-,-
HUT,HUT CORP,-,-,-,-,-,-,-,-,-,-,-,-,-,0.21,-,-,-,-
LOAR,LOAR HOLDINGS INC,-,-,-,-,-,-,-,-,-,-,-,-,-,-,0.21,-,-,-
ATRO,ASTRONICS CORP,-,-,-,-,-,-,-,-,-,-,-,-,-,-,0.21,-,-,-
Q,QNITY ELECTRONICS INC,0.0351,-,0.1742,-,-,-,-,-,-,-,-,-,-,-,-,-,-,-
VRSN,VERISIGN INC,0.0349,-,0.1742,-,-,-,-,-,-,-,-,-,-,-,-,-,-,-
POOL,POOL CORP,0.0145,-,-,-,-,0.1936,-,-,-,-,-,-,-,-,-,-,-,-
TECH,BIO TECHNE CORP,0.0178,-,-,-,-,-,-,-,0.1887,-,-,-,-,-,-,-,-,-
EG,EVEREST GROUP LTD,0.0226,-,-,0.1798,-,-,-,-,-,-,-,-,-,-,-,-,-,-
NTAP,NETAPP INC,0.0335,-,0.1668,-,-,-,-,-,-,-,-,-,-,-,-,-,-,-
RIOT,RIOT PLATFORMS INC,-,-,-,-,-,-,-,-,-,-,-,-,-,0.2,-,-,-,-
BSY,BENTLEY SYSTEMS INC CLASS B,-,-,-,-,-,-,-,-,-,-,-,-,-,0.2,-,-,-,-
BAX,BAXTER INTERNATIONAL INC,0.0169,-,-,-,-,-,-,-,0.1786,-,-,-,-,-,-,-,-,-
JKHY,JACK HENRY + ASSOCIATES INC,0.0217,-,-,0.1709,-,-,-,-,-,-,-,-,-,-,-,-,-,-
CIFR,CIPHER MINING INC,-,-,-,-,-,-,-,-,-,-,-,-,-,0.19,-,-,-,-
AUR,AURORA INNOVATION INC CLASS A,-,-,-,-,-,-,-,-,-,-,-,-,-,0.19,-,-,-,-
GTLB,GITLAB INC CLASS A,-,-,-,-,-,-,-,-,-,-,-,-,-,0.19,-,-,-,-
LUNR,INTUITIVE MACHINES INC CLASS A,-,-,-,-,-,-,-,-,-,-,-,-,-,-,0.19,-,-,-
MOH,MOLINA HEALTHCARE INC,0.0159,-,-,-,-,-,-,-,0.168,-,-,-,-,-,-,-,-,-
HPQ,HP INC,0.0305,-,0.1514,-,-,-,-,-,-,-,-,-,-,-,-,-,-,-
INSM,Insmed Inc,-,0.18,-,-,-,-,-,-,-,-,-,-,-,-,-,-,-,-
TTAN,SERVICETITAN INC CLASS A,-,-,-,-,-,-,-,-,-,-,-,-,-,0.18,-,-,-,-
WULF,TERAWULF INC,-,-,-,-,-,-,-,-,-,-,-,-,-,0.18,-,-,-,-
APPF,APPFOLIO INC CLASS A,-,-,-,-,-,-,-,-,-,-,-,-,-,0.18,-,-,-,-
IVZ,INVESCO LTD,0.0201,-,-,0.1596,-,-,-,-,-,-,-,-,-,-,-,-,-,-
AIZ,ASSURANT INC,0.0201,-,-,0.157,-,-,-,-,-,-,-,-,-,-,-,-,-,-
AOS,SMITH (A.O.) CORP,0.0133,-,-,-,-,-,-,-,-,0.1577,-,-,-,-,-,-,-,-
S,SENTINELONE INC CLASS A,-,-,-,-,-,-,-,-,-,-,-,-,-,0.17,-,-,-,-
LIF,LIFE360 INC,-,-,-,-,-,-,-,-,-,-,-,-,-,0.17,-,-,-,-
QLYS,QUALYS INC,-,-,-,-,-,-,-,-,-,-,-,-,-,0.17,-,-,-,-
QRVO,Qorvo Inc,-,-,-,-,-,-,-,-,-,-,-,-,-,-,-,-,0.17,-
IT,GARTNER INC,0.028,-,0.1398,-,-,-,-,-,-,-,-,-,-,-,-,-,-,-
MGM,MGM RESORTS INTERNATIONAL,0.0117,-,-,-,-,0.1534,-,-,-,-,-,-,-,-,-,-,-,-
CDW,CDW CORP/DE,0.0275,-,0.1365,-,-,-,-,-,-,-,-,-,-,-,-,-,-,-
GL,GLOBE LIFE INC,0.0186,-,-,0.1444,-,-,-,-,-,-,-,-,-,-,-,-,-,-
DBX,DROPBOX INC CLASS A,-,-,-,-,-,-,-,-,-,-,-,-,-,0.16,-,-,-,-
ACIW,ACI WORLDWIDE INC,-,-,-,-,-,-,-,-,-,-,-,-,-,0.16,-,-,-,-
PEGA,PEGASYSTEMS INC,-,-,-,-,-,-,-,-,-,-,-,-,-,0.16,-,-,-,-
CCC,CCC INTELLIGENT SOLUTIONS HOLDINGS,-,-,-,-,-,-,-,-,-,-,-,-,-,0.16,-,-,-,-
SMCI,SUPER MICRO COMPUTER INC,0.0262,-,0.1308,-,-,-,-,-,-,-,-,-,-,-,-,-,-,-
FFIV,F5 INC,0.0263,-,0.1305,-,-,-,-,-,-,-,-,-,-,-,-,-,-,-
WK,WORKIVA INC CLASS A,-,-,-,-,-,-,-,-,-,-,-,-,-,0.15,-,-,-,-
BILL,BILL HOLDINGS INC,-,-,-,-,-,-,-,-,-,-,-,-,-,0.15,-,-,-,-
SLMT,BRERA HOLDINGS PLC-CL B,-,-,-,-,-,-,-,-,-,-,-,-,-,-,-,-,-,0.15
FDS,FACTSET RESEARCH SYSTEMS INC,0.0169,-,-,0.1328,-,-,-,-,-,-,-,-,-,-,-,-,-,-
HSIC,HENRY SCHEIN INC,0.0129,-,-,-,-,-,-,-,0.1365,-,-,-,-,-,-,-,-,-
AKAM,AKAMAI TECHNOLOGIES INC,0.0247,-,0.1242,-,-,-,-,-,-,-,-,-,-,-,-,-,-,-
PAYC,PAYCOM SOFTWARE INC,0.0117,-,-,-,-,-,-,-,-,0.1368,-,-,-,-,-,-,-,-
GDDY,GODADDY INC   CLASS A,0.0235,-,0.1174,-,-,-,-,-,-,-,-,-,-,-,-,-,-,-
QTWO,Q2 HOLDINGS INC,-,-,-,-,-,-,-,-,-,-,-,-,-,0.14,-,-,-,-
VRNS,VARONIS SYSTEMS INC,-,-,-,-,-,-,-,-,-,-,-,-,-,0.14,-,-,-,-
MARA,MARA HOLDINGS INC,-,-,-,-,-,-,-,-,-,-,-,-,-,0.14,-,-,-,-
ZETA,ZETA GLOBAL HOLDINGS CORP CLASS A,-,-,-,-,-,-,-,-,-,-,-,-,-,0.14,-,-,-,-
CVLT,COMMVAULT SYSTEMS INC,-,-,-,-,-,-,-,-,-,-,-,-,-,0.14,-,-,-,-
BOX,BOX INC CLASS A,-,-,-,-,-,-,-,-,-,-,-,-,-,0.14,-,-,-,-
SOUN,SOUNDHOUND AI INC CLASS A,-,-,-,-,-,-,-,-,-,-,-,-,-,0.14,-,-,-,-
RCAT,RED CAT HOLDINGS INC,-,-,-,-,-,-,-,-,-,-,-,-,-,-,0.14,-,-,-
OLED,Universal Display Corp,-,-,-,-,-,-,-,-,-,-,-,-,-,-,-,-,0.14,-
DLB,DOLBY LABORATORIES INC CLASS A,-,-,-,-,-,-,-,-,-,-,-,-,-,0.13,-,-,-,-
CLSK,CLEANSPARK INC,-,-,-,-,-,-,-,-,-,-,-,-,-,0.13,-,-,-,-
DCO,DUCOMMUN INC,-,-,-,-,-,-,-,-,-,-,-,-,-,-,0.13,-,-,-
ZBRA,ZEBRA TECHNOLOGIES CORP CL A,0.0203,-,0.1011,-,-,-,-,-,-,-,-,-,-,-,-,-,-,-
EPAM,EPAM SYSTEMS INC,0.0202,-,0.1007,-,-,-,-,-,-,-,-,-,-,-,-,-,-,-
KVYO,KLAVIYO INC SERIES A,-,-,-,-,-,-,-,-,-,-,-,-,-,0.12,-,-,-,-
SPSC,SPS COMMERCE INC,-,-,-,-,-,-,-,-,-,-,-,-,-,0.12,-,-,-,-
VVX,V2X INC,-,-,-,-,-,-,-,-,-,-,-,-,-,-,0.12,-,-,-
BEN,FRANKLIN RESOURCES INC,0.0133,-,-,0.1035,-,-,-,-,-,-,-,-,-,-,-,-,-,-
YOU,CLEAR SECURE INC CLASS A,-,-,-,-,-,-,-,-,-,-,-,-,-,0.11,-,-,-,-
TDC,TERADATA CORP,-,-,-,-,-,-,-,-,-,-,-,-,-,0.1,-,-,-,-
TENB,TENABLE HOLDINGS INC,-,-,-,-,-,-,-,-,-,-,-,-,-,0.1,-,-,-,-
CDRE,CADRE HOLDINGS INC,-,-,-,-,-,-,-,-,-,-,-,-,-,-,0.1,-,-,-
NQH6,CME E-Mini NASDAQ 100 Index Future,-,0.02,-,-,-,-,-,-,-,-,-,-,-,-,-,-,-,-
ERIE,ERIE INDEMNITY COMPANY CL A,0.0115,-,-,-,-,-,-,-,-,-,-,-,-,-,-,-,-,-
DVA,DAVITA INC,0.0063,-,-,-,-,-,-,-,-,-,-,-,-,-,-,-,-,-
# AS OF 2026-01-27,,-,-,-,-,-,-,-,-,-,-,-,-,-,-,-,-,-,-